{
    "Men length": {
        "mean": [
            -0.0018114667,
            0.1098943078, 
            178.8161778333
        ],
        "sigma": [
            11.4
        ]
    },
    "Woman length": {
        "mean": [
            -0.0014264737,
            0.0833166509,
            165.5606593194
        ],
        "sigma": [
            8.8
        ]
    }
}