{
    "Men weight": {
        "mean": [
            -0.0103640121,
            1.0963160285,
            57.8774714388
        ],
        "sigma": [
            11.76
        ]
    },
    "Woman weight": {
        "mean": [
            -0.0044265276,
            0.5680508257,
            52.25446399
        ],
        "sigma": [
            10.3
        ]
    }
}