{
    "bench-press": {
        "Men bodyweight": {
            "mean": [
                1.682459768815673e-05,
                -0.008041361518362019,
                2.2156685346023575,
                -35.95808072349493
            ],
            "sigma": [
                2.941135697369518e-06,
                -0.0018947866419386677,
                0.46397459929100343,
                7.195884158167588
            ]
        },
        "Men age": {
            "mean": [
                0.00045235638071632875,
                -0.08688338490203396,
                4.129970761491562,
                41.68627443377925
            ],
            "sigma": [
                0.00021707738251304075,
                -0.04086735879634563,
                1.9475323720447293,
                13.557730993508
            ]
        },
        "Female bodyweight": {
            "mean": [
                1.823187838574039e-05,
                -0.0065944330674096874,
                1.2599677604719153,
                -9.008266292813694
            ],
            "sigma": [
                -1.2285919021235508e-06,
                -0.00042384637018116883,
                0.22752904132710636,
                13.161593989033896
            ]
        },
        "Female age": {
            "mean": [
                0.0002498213819023762,
                -0.04756115337399075,
                2.264979727862329,
                19.705397912267156
            ],
            "sigma": [
                0.00012194261653555393,
                -0.02369942614854109,
                1.127084003136304,
                12.245474914687689
            ]
        }
    },
    "squat": {
        "Men bodyweight": {
            "mean": [
                2.2828910492261937e-05,
                -0.010746251322031844,
                2.9017620448999613,
                -45.12803592266422
            ],
            "sigma": [
                5.696078020799622e-06,
                -0.002936188106098602,
                0.6207216908334964,
                9.433471549512356
            ]
        },
        "Men age": {
            "mean": [
                0.0006135587822447079,
                -0.11738480785455081,
                5.571628145923821,
                53.95809127224819
            ],
            "sigma": [
                0.0002638257250257883,
                -0.0500309430260339,
                2.391854264323379,
                18.0132954159637
            ]
        },
        "Female bodyweight": {
            "mean": [
                2.0983842799460957e-05,
                -0.008142417462562007,
                1.5900844793309772,
                -0.9164134555794311
            ],
            "sigma": [
                7.780919977653572e-06,
                -0.0025922721679150877,
                0.40172995081784496,
                16.197343251696477
            ]
        },
        "Female age": {
            "mean": [
                0.00034883968250918153,
                -0.06658790831782516,
                3.1663108540879383,
                29.572666257207405
            ],
            "sigma": [
                0.0001545467541320142,
                -0.03022680136770324,
                1.4400695408641964,
                16.002105533085835
            ]
        }
    },
    "deadlift": {
        "Men bodyweight": {
            "mean": [
                2.2516184346408733e-05,
                -0.011258628112878479,
                3.116773242023193,
                -37.631700358147704
            ],
            "sigma": [
                1.0498615648813052e-05,
                -0.0044523386962481695,
                0.7823272461371891,
                8.769729026730962
            ]
        },
        "Men age": {
            "mean": [
                0.0007187690044608382,
                -0.13762488562640932,
                6.546798063424466,
                62.52354177619211
            ],
            "sigma": [
                0.000292555184454778,
                -0.055072706376472616,
                2.605933632326946,
                21.103311503397347
            ]
        },
        "Female bodyweight": {
            "mean": [
                2.5799779558319164e-05,
                -0.009721358830423394,
                1.7931111959854338,
                4.440666626224523
            ],
            "sigma": [
                8.190387281538901e-06,
                -0.002874828476987833,
                0.44213841107879936,
                18.03529458102303
            ]
        },
        "Female age": {
            "mean": [
                0.0004049376788233392,
                -0.07801437905575768,
                3.7282785196359334,
                35.82250646363678
            ],
            "sigma": [
                0.00018919848569291963,
                -0.035851182454603635,
                1.693633587302471,
                16.09393767398911
            ]
        }
    }
}